{
  "shape": [
    100,
    100
  ],
  "mean": 4.768371461572052e-11,
  "var": 0.0011961404234170914,
  "fro_norm": 3.458526611328125,
  "sigma_max": 2.163119077682495,
  "spectral_radius_abs_eigs": 2.163119077682495,
  "asymmetry_ratio": 2.0,
  "structure": "DoG Mexican Hat (cyclic/circulant, DC-balanced, rho-targeted)",
  "family": "mexican_hat_dog_balanced",
  "hidden_n": 100,
  "sigma_e": 20.0,
  "sigma_i": 30.0,
  "a": 1.0,
  "diag_offset": -5,
  "rho_target": 7.0,
  "alpha": 0.0,
  "decomposition": "W=\u03b1S+(1-\u03b1)A",
  "norm": "raw",
  "builder": "build_mexican_hat_dog_balanced",
  "n": 100,
  "b": 0.7279779373281011,
  "rho_before_gain": 10.832583432249592,
  "gain": 0.6461985770780877,
  "kernel_sum_after_balance": 7.347455976969286e-13
}