{
  "shape": [
    100,
    100
  ],
  "mean": 0.0006290017627179623,
  "var": 0.003333617467433214,
  "fro_norm": 5.774090766906738,
  "sigma_max": 1.145281434059143,
  "spectral_radius_abs_eigs": 0.6103086471557617,
  "asymmetry_ratio": 1.4153752874064802,
  "backend": "dense",
  "family": "vanilla_pytorch",
  "hidden_n": 100,
  "seed": 0,
  "norm": "raw",
  "source": "nn.RNN.weight_hh_l0_default_init"
}