{
  "shape": [
    100,
    100
  ],
  "mean": 0.0010020657209679484,
  "var": 0.003304993035271764,
  "fro_norm": 5.749780178070068,
  "sigma_max": 1.125483751296997,
  "spectral_radius_abs_eigs": 0.5719619989395142,
  "asymmetry_ratio": 1.4084304549537974,
  "backend": "dense",
  "family": "vanilla_pytorch",
  "hidden_n": 100,
  "seed": 2,
  "norm": "raw",
  "source": "nn.RNN.weight_hh_l0_default_init"
}