{
  "shape": [
    100,
    100
  ],
  "mean": 0.000407166633522138,
  "var": 0.0033237021416425705,
  "fro_norm": 5.765299320220947,
  "sigma_max": 1.1023350954055786,
  "spectral_radius_abs_eigs": 0.618199348449707,
  "asymmetry_ratio": 1.3984289920464603,
  "backend": "dense",
  "family": "vanilla_pytorch",
  "hidden_n": 100,
  "seed": 1,
  "norm": "raw",
  "source": "nn.RNN.weight_hh_l0_default_init"
}