{
  "shape": [
    100,
    100
  ],
  "mean": -8.344649971014917e-11,
  "var": 0.001083716400898993,
  "fro_norm": 3.2919845581054688,
  "sigma_max": 2.158212900161743,
  "spectral_radius_abs_eigs": 2.1582131385803223,
  "asymmetry_ratio": 1.4633220434188843,
  "structure": "DoG Mexican Hat (cyclic/circulant, DC-balanced, rho-targeted)",
  "family": "mexican_hat_dog_balanced",
  "hidden_n": 100,
  "sigma_e": 20.0,
  "sigma_i": 30.0,
  "a": 1.0,
  "diag_offset": -5,
  "rho_target": 6.5,
  "alpha": 0.25,
  "decomposition": "W=\u03b1S+(1-\u03b1)A",
  "norm": "raw",
  "builder": "build_mexican_hat_dog_balanced",
  "n": 100,
  "b": 0.7279779373281011,
  "rho_before_gain": 10.832583432249592,
  "gain": 0.6000415358582243,
  "kernel_sum_after_balance": 7.347455976969286e-13
}