{
  "shape": [
    100,
    100
  ],
  "mean": -7.748603841895019e-11,
  "var": 0.0009943611221387982,
  "fro_norm": 3.153348684310913,
  "sigma_max": 2.1500000953674316,
  "spectral_radius_abs_eigs": 2.1499998569488525,
  "asymmetry_ratio": 0.673735499382019,
  "structure": "DoG Mexican Hat (cyclic/circulant, DC-balanced, rho-targeted)",
  "family": "mexican_hat_dog_balanced",
  "hidden_n": 100,
  "sigma_e": 20.0,
  "sigma_i": 30.0,
  "a": 1.0,
  "diag_offset": -5,
  "rho_target": 4.3,
  "alpha": 0.5,
  "decomposition": "W=\u03b1S+(1-\u03b1)A",
  "norm": "raw",
  "builder": "build_mexican_hat_dog_balanced",
  "n": 100,
  "b": 0.7279779373281011,
  "rho_before_gain": 10.832583432249592,
  "gain": 0.3969505544908253,
  "kernel_sum_after_balance": 7.347455976969286e-13
}